{
  "cached_images": [
    {
      "image_id": "fd3baf5f-4041-44f6-aa67-e8edaff6768a",
      "hits": 0,
      "last_accessed": 1492607597.169914,
      "last_modified": 1492607597.169914,
      "size": 50901
    },
    {
      "image_id": "fd3baf5f-4041-44f6-aa67-jdkg78439jf4",
      "hits": 23,
      "last_accessed": 1494248723.169,
      "last_modified": 1492607597.169914,
      "size": 70109
    }
  ]
}